95.8690636875111,344.94995680206654,-0.0006633326411247253,144.23113692649434,344.8268226325406,-3.6090309619903564,189.73501644092448,325.8955103171054,-6.162431716918945,224.5905442088859,307.06765656844107,-9.164348602294922,255.0178758172977,297.0213506094184,-12.078423500061035,190.24163324834552,250.6818558637935,-4.838466644287109,221.53082138118734,211.58795033336335,-8.434346199035645,241.23331044231765,181.74448816096367,-11.749999046325684,257.8148470057484,155.54547442884024,-14.64323616027832,166.7681001371917,234.4464372610439,-7.677270889282227,195.2906082243287,180.98899749731123,-11.726558685302734,214.87295346249778,142.26331699623714,-15.59260082244873,228.74715674988164,110.84437011333416,-18.611719131469727,140.51444384017626,230.81156472905337,-11.290141105651855,160.51588677322877,177.17656232692224,-16.203035354614258,175.63006274825892,138.54298902047717,-19.632753372192383,187.3833183817172,106.95948682829778,-22.15165901184082,110.1600215137536,237.62117350475143,-15.325746536254883,118.05092654550802,192.6578741896719,-20.136428833007812,125.5063558963493,162.49705393925657,-22.985389709472656,132.83964393389687,132.6655590796242,-25.130611419677734,PALM
99.56768577595636,350.57996519583605,-0.000781819224357605,146.80823302655,351.9469194477887,-4.641673564910889,192.77202651136264,332.09907164450453,-7.87070369720459,225.3436067617493,310.8580348232356,-11.318243026733398,251.1881689452864,299.6064117668658,-14.697556495666504,191.27786465738586,258.4438948309646,-6.338179588317871,219.47332180035022,216.07513682803858,-10.010880470275879,237.8067271448245,184.69543357827106,-13.500897407531738,253.99363950578487,157.5298996810512,-16.368494033813477,166.52263535243802,241.10389440820882,-8.198822021484375,193.49905350707203,185.72312344516914,-12.267617225646973,212.67501166184803,145.0141319601499,-16.03689956665039,226.9822547977463,112.33326359707911,-18.819242477416992,139.98609221039166,236.31332839205305,-10.802408218383789,159.34777746360894,181.73693732907793,-15.394862174987793,174.17592527999278,142.9068559956533,-18.603208541870117,186.75109523146736,111.44751859380199,-20.673551559448242,109.36910581394963,242.0656009296079,-13.908884048461914,116.6657358696817,196.57058207341814,-18.279523849487305,123.90218824890229,167.6989268034233,-20.91811752319336,132.1607019326257,139.60654391464746,-22.56951904296875,PALM
92.61289018081999,354.7215842337548,-0.0009907633066177368,136.50747863979512,327.8810835252841,-5.0526299476623535,164.69919292209596,287.6395673522199,-9.125239372253418,184.00638481788937,252.78476356626322,-13.658824920654297,199.2590020361444,229.50675870213036,-18.16005516052246,117.70640008613273,222.4250883569704,-8.020172119140625,112.78962158919474,170.11767685647777,-14.12072467803955,108.97138257488403,130.77241918674457,-19.011789321899414,106.05551002168261,97.03958141934645,-22.544038772583008,85.76230850769814,224.3515499987464,-10.799585342407227,76.22294516230698,164.96541442794168,-17.7803897857666,69.95338006509026,118.73704217747935,-23.675867080688477,65.93467909281608,83.70588815740278,-27.998422622680664,57.045866680958,237.2515592259644,-14.415538787841797,42.16434094490009,183.4037386759128,-21.40862274169922,32.60616728901316,139.8464047714597,-27.203359603881836,27.838056910695855,106.24160157568413,-31.564794540405273,30.253582872053883,259.94955407313853,-18.563194274902344,13.967730046098893,219.171851096316,-24.602907180786133,4.512268324045536,187.17524053248835,-29.008522033691406,-0.4694293478319622,156.83403329178094,-32.59651565551758,PALM
71.50003889664761,372.82240100168406,-0.0008392781019210815,131.43888825930804,369.60265979552605,-4.605380535125732,176.83750783802137,349.64768977063585,-6.142694473266602,205.48443194495655,330.48222587555006,-8.456916809082031,228.59083314722278,317.89165402770766,-10.507566452026367,172.17830306196282,273.9457026617434,3.253117084503174,202.57084786520102,236.6300767301789,2.8959593772888184,223.69847798184506,210.31923610040195,1.3778023719787598,240.44700261008876,186.52987373258043,-0.5444345474243164,149.80252543860541,255.19822504530538,1.0407058000564575,175.42813358757115,205.01825077137073,2.146796703338623,194.1863164887518,171.29562861988992,0.5886899828910828,207.08287737695537,143.32423411623688,-0.6648298501968384,126.05003246609402,247.4238312118738,-2.743494749069214,143.71543477020433,198.1080302236329,-3.2208077907562256,159.13031870713746,163.24475320933303,-4.3517746925354,171.11166036893732,134.83122572608428,-5.033844470977783,99.79077726714516,248.11585342814732,-7.61889123916626,109.98925796797569,204.7067116125247,-9.423782348632812,119.94102957243783,176.17373339824576,-10.505508422851562,128.2779174902893,149.90366702182783,-10.960533142089844,PALM
100.44504637299073,380.8161993602595,-0.00072459876537323,148.65520709341115,383.6343028163352,-7.59743595123291,195.0194532291648,362.37138553345466,-11.698832511901855,232.22229380869632,337.4356851358807,-16.259933471679688,261.55543098926853,318.0029328469664,-20.302579879760742,195.77451495935279,277.80385217373066,-4.701257228851318,227.19085589527276,239.37678380408926,-9.24291706085205,250.12909117868162,208.9681286809096,-13.912283897399902,270.02297223251037,182.256423922627,-17.913942337036133,167.75868410763954,261.3266131893377,-7.082119941711426,190.2575951069049,210.32415988339105,-12.140786170959473,210.2623288041612,173.00111145732194,-17.898012161254883,225.98632314339244,144.32408555006486,-22.256664276123047,136.4419217402239,258.35729325201686,-11.079368591308594,149.05047060413852,208.7573993765223,-16.79564094543457,163.3003550345155,174.1978629467115,-21.816883087158203,175.99878542073435,148.99757528139642,-25.325326919555664,101.34010093838624,266.30405670716686,-16.141828536987305,103.9866717435649,226.76167396424736,-21.900684356689453,111.93947574664354,199.24026459297798,-25.600173950195312,121.83160912253848,174.39748455018528,-28.19749641418457,PALM
105.20934576434196,359.70933012328817,-0.0007419735193252563,150.22620726231457,362.3559829219664,-18.81976890563965,189.6251523251562,330.03785369818445,-26.660850524902344,197.85051200103868,288.90360455625955,-34.75735855102539,185.9197172100538,258.5251715664768,-43.43952560424805,179.84432625363075,268.47083059069666,0.8656909465789795,185.05650271068077,258.2494556330519,-32.76508331298828,170.58348459898858,293.39343305113465,-43.593994140625,160.17255240771954,307.8572974564943,-33.40611267089844,153.85550341192183,260.35953875312407,0.7834407091140747,158.53066650930592,257.4580825406465,-32.37446975708008,148.78559923179688,299.236755087291,-42.399471282958984,142.8399058916319,306.50926443358173,-34.1983757019043,124.97629503685178,257.6173423403721,-4.5628838539123535,128.39794661198985,255.51037917078102,-37.36715316772461,125.11248194919793,295.6295861932718,-42.51129913330078,120.6943187233681,303.62578450492776,-33.30556106567383,92.87679461048882,259.18575593678486,-10.795352935791016,100.26908703694195,255.57278843759445,-36.752811431884766,104.31138559487847,284.35454721024297,-36.76263427734375,101.68069893876579,294.9047411519785,-26.192928314208984,FIST
107.42846542699483,357.5027137999657,-0.003656841814517975,150.0968855583061,360.0728833891118,-24.45330238342285,186.72528144220365,329.98964902867675,-35.550994873046875,196.5649619014975,289.418208598853,-45.9217643737793,188.17715166618925,254.61196786319942,-55.523231506347656,181.27001533538848,265.1630344146485,-6.629924774169922,178.75419899107243,257.9978309078778,-41.51181411743164,164.97448129394604,293.71310416234724,-49.006954193115234,156.39155026771448,311.27426968304576,-37.83861541748047,153.5348883307517,256.4572422568446,-4.237428665161133,151.44092614024893,258.73985239617525,-40.81281280517578,143.57990442814594,300.40354566056214,-47.139564514160156,141.94835386457606,309.8739685608218,-37.344478607177734,124.45537132393203,254.77414843335808,-7.521939277648926,122.21367699263615,257.0470962826223,-42.57073211669922,120.35902311734395,296.5998796604855,-45.83470153808594,120.67090572776758,305.07646291327165,-36.291141510009766,93.82972005564768,257.1447901978878,-12.06161117553711,94.58921197858108,255.20831106789774,-38.81791687011719,98.31501474189541,283.4359286579106,-37.94524383544922,99.73743845165414,293.760542325371,-27.595705032348633,FIST
114.787953064221,326.47825745550637,-0.0012040585279464722,150.82258757065316,327.0056770483725,9.946037292480469,166.18313021551268,311.75489942479646,17.93968963623047,174.3611557498633,291.53259314251915,19.242748260498047,172.25182548349267,278.6095756743739,15.240643501281738,157.06846042500058,284.10538003159,40.012847900390625,179.16986793822457,278.8832036862801,21.157020568847656,176.793170014625,291.53108643935565,4.507462024688721,170.99863177699754,293.5893431234218,3.0981955528259277,150.6080310995142,278.37944262490976,31.39678382873535,173.56079826337563,274.72112052687,17.111270904541016,168.34450925403613,291.97812659965274,1.6653203964233398,158.48531390341415,294.03789422246706,1.6600821018218994,142.89482988410975,274.73552974221667,20.413970947265625,165.43258863133693,272.8577537566809,6.271141052246094,158.12536095697521,292.14225588804345,-5.853546619415283,146.5544154294038,295.37514354652126,-5.323244094848633,132.20397712289216,271.3435920115595,10.862913131713867,152.9001533986404,274.1622836086845,-0.9339855909347534,148.02343956618896,290.16740838217606,-6.170607089996338,135.98015351271198,294.98163842959735,-4.667949676513672,FIST
61.01414967461448,430.46640147501637,0.00017540901899337769,111.15520975378381,373.4762403361008,8.20676326751709,135.45096453138382,327.21323454419553,-6.21937894821167,153.08526016669822,299.20433836151955,-24.6301326751709,165.8683388263994,278.79711650497995,-41.70466995239258,80.96927854212265,276.97836560469136,-30.41982078552246,140.89154949772092,275.0081058302312,-43.214534759521484,154.6288422597276,305.0418042240244,-34.92216491699219,149.28029612267517,322.27642521782246,-27.907516479492188,60.33666202533926,304.7732329835028,-45.34674072265625,147.23316427652372,313.67270973456635,-58.88735580444336,146.90965892309413,345.11825118513156,-35.865726470947266,123.73641306111963,353.0541259162796,-21.583051681518555,54.431093925044784,342.5453117258224,-60.485538482666016,139.97126227655616,356.7267209214819,-67.40457153320312,135.56085000206417,380.78445587411665,-41.48728942871094,114.1105254695299,382.37379830775967,-28.404489517211914,56.71313184215595,385.1389652033665,-75.82527923583984,131.89972137954067,395.7406008218087,-74.53767395019531,129.80860232365706,410.61141979704024,-53.28074645996094,109.48389961841292,409.8867214678605,-41.80314636230469,FIST
92.40378057508156,394.11566871257696,-0.0011179372668266296,116.37851167223545,341.00047531646294,-11.229302406311035,140.38558528873173,305.7526127587511,-41.240989685058594,159.86164322271182,291.91716573586285,-69.80664825439453,178.5060576535721,296.909156963981,-97.72490692138672,118.57035030522806,298.73898638206066,-80.7930679321289,171.76963897486345,290.3637057304737,-93.73426818847656,186.5009991494199,308.2729132847916,-80.2234878540039,185.67800883479714,320.8588274344391,-74.38159942626953,118.94604078846655,337.7903811053354,-85.93414306640625,194.69786001921884,332.0160026899142,-102.4271240234375,199.2731889422845,341.02092091846134,-75.0788803100586,186.30019220908414,342.70792352471,-66.87928771972656,125.68635691388008,377.0895397526551,-90.11335754394531,198.20086667553835,370.97606453205833,-93.00387573242188,197.2687293075303,371.6841189420233,-62.030784606933594,185.00379372811892,367.6638321484772,-52.52758026123047,138.19166658472008,414.6553325575549,-95.70526123046875,200.57192161998174,402.08352603657744,-87.38258361816406,197.976322141467,398.9994333646538,-63.81846618652344,183.63871980831948,393.3836156040065,-55.307437896728516,FIST
101.49718987133537,349.20766648624925,0.001117512583732605,94.8894729371302,306.13624591994386,40.73321533203125,109.8090704161084,279.92297519027113,52.24324035644531,133.3414837563588,264.09254886507847,59.71379089355469,153.622912521792,259.0701653572476,68.78175354003906,135.719850868851,253.90446302164696,25.195510864257812,168.10729783858918,259.6418981973397,61.386444091796875,168.6737692281946,272.84353044968805,79.22279357910156,157.94041114010378,279.5676067885045,78.4503173828125,156.18735151951626,270.0561479503476,8.394359588623047,185.2271671965625,282.3472936495372,44.01316833496094,181.36598395788687,294.3564011651388,56.21842956542969,171.59660861473301,299.35984797204793,46.8571891784668,171.33091631123864,294.0830076865596,-2.1559271812438965,195.39264214739165,305.8125456250803,32.74789047241211,189.3745578464231,317.60032311183903,41.14750289916992,177.8969363762456,321.93108929141005,30.374771118164062,182.66086180334636,322.02473086693436,-10.564142227172852,201.35987026203202,329.90391186233467,21.579139709472656,193.22224512226694,340.94937903615005,29.646595001220703,181.73565916038467,345.9577223067949,22.482873916625977,FIST
73.73908491181041,364.42465221985714,0.00024656206369400024,77.99022897019053,321.7597921847393,37.30587387084961,96.55161962950281,295.34273418121916,48.709354400634766,119.95397679530274,281.9009700765977,54.09383010864258,139.9191395733685,274.53484710856463,59.012020111083984,104.06350459202605,244.37533183018593,21.01097869873047,154.27850220080407,245.7288248037069,39.01530456542969,163.5584640291176,263.0071229246686,50.84419631958008,157.98314466908965,273.9940583236858,53.49026870727539,118.65047040863529,251.84507110141297,4.101747035980225,177.19082767947364,267.06258603594785,24.096092224121094,176.53649847847754,286.93745287620976,34.82339096069336,163.67881163610906,291.86581738403015,33.919185638427734,133.66414071064816,271.06199522054635,-8.356047630310059,184.5786915655469,289.47115549983823,11.012293815612793,178.61067293584995,309.1345426115149,19.842777252197266,164.53197850043225,312.9555901331157,17.518056869506836,147.4422841040765,296.3313327499019,-18.21263885498047,185.9697392924552,310.8895863090079,-1.1305720806121826,179.39943307517473,326.3583477784413,7.064435005187988,166.7841647359428,329.92292702033944,6.505568504333496,FIST
71.01417696105844,334.8850532659233,-0.0006225034594535828,115.74033579874241,346.4130796252226,-15.230629920959473,155.67189551522972,332.2274258946898,-17.296476364135742,164.28010619435392,293.0601350562317,-17.902240753173828,142.87081897156543,268.7225904285473,-17.68744659423828,159.84441651812054,291.9646857847061,6.287730693817139,180.05462142646059,261.95385344860665,-14.562905311584473,165.98377877167727,276.8821670081181,-28.3469181060791,152.20392457353412,282.63342720453323,-27.268863677978516,142.1453062609582,275.56077497214875,8.851227760314941,160.1672388575351,249.45257776755614,-12.935409545898438,140.69309664235615,278.8312937204693,-27.1578311920166,125.88660740419975,287.77571027327775,-23.83754539489746,120.66483406397127,262.01834296963307,7.993995666503906,136.54394263532492,237.44414299100592,-14.301610946655273,120.33772255375253,269.97482540850945,-25.201431274414062,104.62372316329035,280.4107950888463,-21.780956268310547,94.43512665928807,250.8279103058029,6.515700817108154,112.74297055980195,232.9713386808933,-13.397780418395996,105.71364869879119,257.42649861073227,-18.818992614746094,92.0953360577485,270.096380146016,-14.983345031738281,FIST
82.9130339740955,326.2811915033787,-0.002185724675655365,115.97647229520257,324.7365194551488,26.608945846557617,131.73893494255736,308.60526651551345,45.139495849609375,140.55474641029863,288.0156542420718,57.02239227294922,136.76569486167332,278.5025068992745,64.01117706298828,117.09902684418452,276.7323199590748,58.376495361328125,140.1392295561269,275.7348522701279,55.00527572631836,141.15754672953065,286.19451820951326,40.939231872558594,136.16653152358697,283.31041103484495,38.429500579833984,114.45081152270325,269.8228855146128,46.10797882080078,139.42607600219335,264.7030772559413,46.35795211791992,138.8227061018859,279.38426831767805,30.223691940307617,132.22048572304092,280.803099199964,26.02484130859375,112.55040047373572,262.65273767660096,34.028968811035156,138.09483696030458,257.2956632372866,34.41472625732422,137.10088920701983,274.25946799303114,23.608028411865234,130.37493064241107,277.70935660715725,20.95819091796875,110.09638858637246,256.0178798790875,24.046066284179688,134.0639190311554,252.90180833967545,24.128116607666016,133.28098121156233,264.5892783222088,21.064754486083984,124.7800015420728,267.6609194053956,20.5825138092041,FIST
80.33411418955944,330.19630352718,-0.00022385269403457642,67.32654508169773,292.08682362946905,23.382692337036133,72.46253409322071,268.00554295906113,33.97290802001953,83.64991210285362,255.35591092144432,42.921913146972656,94.4348947419398,248.20819431926296,50.676727294921875,100.04461312892774,243.6939631299274,13.581464767456055,104.92756602304704,230.96456583941324,44.56986999511719,104.50500471730244,242.1860594342746,62.202491760253906,102.24595213623068,253.6985096612623,66.78410339355469,119.99224813012712,254.6240575903241,9.332743644714355,122.35623132232419,242.38800468450808,39.717079162597656,118.51975853774698,252.1367652747337,49.73497009277344,114.04942806524483,261.10858795659357,45.234657287597656,136.53378593178388,269.01695249280397,9.992870330810547,135.00389672144013,260.2281612150353,39.85681915283203,130.83830758054754,271.23354287691063,43.06070327758789,127.39072095034653,281.08669161028615,34.82612228393555,150.43758169435657,283.52260069315963,12.033111572265625,146.44240242686487,277.16370580945545,36.83182144165039,140.0878074529265,286.4358950528033,39.495941162109375,135.6055180783609,294.92922961278276,33.82427215576172,FIST
86.02071108432699,342.13853894677226,-0.0002158433198928833,129.551783803955,348.5853688670643,-12.337538719177246,168.44373864011555,327.7531048662782,-13.105765342712402,174.37968599415638,291.59875366275065,-14.54190444946289,151.6307538931951,275.131406880295,-18.02355194091797,162.80059245636684,280.1089913724569,9.765924453735352,179.04892350651525,261.0184299134737,-22.43086051940918,164.07903006043983,290.4870364107089,-38.41872787475586,151.16386323865046,300.4816760628122,-32.52695846557617,144.8225801176137,268.0238482249218,9.178664207458496,160.28885517488894,254.541580213948,-17.727176666259766,145.1753252149889,288.94978335947684,-29.748010635375977,132.03172034824627,293.5374537052098,-22.62831687927246,122.31429993756323,258.73132482112885,4.123665809631348,135.3206594667909,245.07016142003246,-22.015535354614258,123.57156549208476,280.6768023722001,-29.172203063964844,110.60552564387959,287.5827251545388,-21.57520294189453,93.97587475059981,252.70529743186358,-1.3900316953659058,109.61890672818771,241.85463595703803,-23.506641387939453,105.89675970700304,269.7330809575269,-24.23397445678711,94.53403405156826,280.6367714389955,-15.911957740783691,FIST
139.51447227903557,356.25433467609685,0.0000694766640663147,157.11705423494448,303.27322863154143,6.61707878112793,183.00115578728042,259.0965591163217,0.6794801950454712,200.1905601939913,221.71148294888576,-4.511530876159668,205.0333983700006,188.80163418752318,-8.716307640075684,217.44448957001038,271.56978172414847,-26.283098220825195,278.86440109496937,280.62406785301016,-23.62348175048828,275.7474928370999,291.5184203178573,-8.617837905883789,266.27885812373205,297.0314922160374,0.7730592489242554,223.6679585769783,306.32130755595256,-29.975725173950195,284.73668807024205,313.790702050887,-26.385765075683594,273.0568796280526,320.2620963081479,-7.048018455505371,258.7885014221695,321.67693788754036,2.8087542057037354,224.14842591347156,341.867288768906,-31.692371368408203,279.1788060789504,344.87674188096315,-25.436206817626953,265.7809143868486,347.3990208659564,-7.645476818084717,250.7234991863291,348.76375173297976,0.0317501425743103,221.53243241510265,376.17131307022277,-32.703857421875,265.75800751785954,373.8914084719195,-25.880226135253906,254.75067051584182,371.6442038315919,-14.1163969039917,241.00055072296087,372.1756499095317,-8.92878246307373,THUMBS_UP
131.03044016965328,369.1697834274845,-0.0003350973129272461,141.15956335463048,317.4845266455758,9.118515968322754,163.00925601459298,267.3732419166943,3.4740543365478516,173.70379151004522,222.3296899608061,-1.0338345766067505,169.54596844942995,183.0097685277491,-4.628566741943359,202.23287770623583,275.1856508267754,-26.082563400268555,265.3860432002243,276.9557376973743,-18.912845611572266,259.8421383143141,291.94106534514276,-4.281909465789795,247.1441201339493,299.1491668402433,2.306752920150757,213.05625206882667,312.5054247730173,-29.778966903686523,276.14428601189377,313.73617465501815,-22.017101287841797,265.5209684797395,323.7022111379897,-3.3423967361450195,250.00638563577957,325.20076365758706,4.757369041442871,218.13132669341587,350.0037502991285,-30.268787384033203,275.47946083947284,347.95374431518013,-20.350852966308594,263.68996360243216,353.25349577562815,-2.3773772716522217,246.73975777853408,354.2984874965842,4.452858924865723,220.2362666345778,385.00497478905163,-29.694040298461914,265.2137775301628,380.77318183680484,-20.747970581054688,255.89535356917384,380.9836256680539,-9.24752426147461,241.43437751315594,380.5694232753435,-5.20786190032959,THUMBS_UP
127.51978632665666,375.41394909563866,0.00026851147413253784,127.77769863945095,324.96109645744286,6.472194671630859,143.6576513632599,266.4189344742663,-0.5459712147712708,153.66467246637166,216.11380401288625,-5.373865604400635,145.627137084727,176.23848116729715,-9.715760231018066,180.3519120892226,282.76940146240236,-33.995452880859375,246.5882895091938,271.36623667714076,-24.560606002807617,240.63873735364427,284.21369771104304,-11.702618598937988,228.62820630288206,296.19212528180856,-7.875947952270508,197.28526504283735,321.90563946679123,-35.79878616333008,263.3300802952698,314.1164786757715,-24.334014892578125,249.4663419448895,322.9655894730877,-8.755736351013184,230.7394801736115,327.433991484311,-6.709179878234863,208.6723395215936,360.7518270225719,-33.9535026550293,262.91875007963966,350.4993565641251,-22.049091339111328,246.3395830909433,356.48484997622415,-8.706095695495605,225.0106557347375,361.3261355219543,-7.507386207580566,215.82593526711372,396.94046807116376,-31.268131256103516,255.42439521435648,383.585414635862,-18.400156021118164,238.23561946203324,386.5317062872738,-9.979011535644531,218.1004191636703,391.10835206096294,-11.238048553466797,THUMBS_UP
99.96683539390891,352.60444569899346,-0.000027097761631011963,106.78264987921051,311.9466892645363,-10.599555015563965,128.50305390986506,252.89802720270174,-24.895610809326172,135.47971024545788,196.92846191431312,-36.6331672668457,128.30991506761845,160.61134457765738,-45.06637191772461,153.056304480464,276.27152318331423,-46.96571731567383,196.04196177737762,294.7848308977637,-58.35234451293945,165.0752992689173,297.36588939420454,-49.09619140625,148.0826478182089,299.14850151791893,-40.67692947387695,150.72380526211447,320.1846694111521,-47.366859436035156,186.77850061409464,339.4748870872939,-58.18164825439453,160.3877172088007,336.82650818592225,-41.00452423095703,147.39464041100402,336.14892951109516,-29.881444931030273,144.07894980200808,362.7629034190122,-49.15447235107422,178.45995943584748,375.44561563963134,-56.983089447021484,159.64726063357577,371.5745365378228,-41.34415817260742,146.00339134319998,370.70094533125666,-32.545440673828125,139.75701864792885,402.75244204670446,-51.4843864440918,175.46827472815377,403.2288654140404,-53.127689361572266,157.51782074338843,404.73076539721205,-44.74557113647461,140.80778760082447,409.2657618857834,-41.89032745361328,THUMBS_UP
100.64277503542833,381.9975860270803,-0.0003995746374130249,99.37696346304583,317.870850203591,9.477426528930664,117.28798795370999,259.5578186715479,7.335484981536865,134.01968209661476,212.05878202156444,6.063201427459717,137.20325658280146,174.23927184213565,4.687535285949707,182.53988488110798,280.3624497425259,-13.424190521240234,237.93353244443432,266.1046081507847,-1.7152478694915771,239.0182560718444,275.6087945102333,11.80469036102295,232.25815583609835,287.87756272239557,17.97998809814453,204.71884312722352,318.24225593261866,-14.677799224853516,255.9095266264267,303.66167116737176,-1.0377750396728516,245.22170099505138,307.53178505610464,13.29140567779541,228.91464041929163,314.2183141108352,17.20049476623535,216.05068517510233,357.1232477734835,-12.8077392578125,257.6509308058602,343.1043007638341,1.90529465675354,240.79368081676188,344.27600832901044,13.465468406677246,221.7765911609259,349.9471199372956,15.206197738647461,219.7142550778437,395.3466613949547,-10.169910430908203,251.07315735713684,379.167358801881,3.3607265949249268,233.8935060916458,377.08874108319435,11.170851707458496,214.9776938643315,381.58580231541686,12.282938957214355,THUMBS_UP
118.82256286509389,366.4325976434062,-0.00014456361532211304,114.107747529991,308.24773294296403,17.963626861572266,130.6771734698651,263.0335315495365,21.278682708740234,147.85296045201125,225.2210289269549,23.258474349975586,153.32804888120378,193.20792954287157,24.25775146484375,190.77932614337078,261.4383530825891,-0.629392147064209,234.7942116077225,270.4769284427297,11.583917617797852,227.54658252521796,286.65545173490375,21.972990036010742,215.54047307107595,291.72220079045104,25.159271240234375,210.31689097627546,290.2421773799693,-6.661965370178223,248.0644879800209,303.1028636748153,6.9187116622924805,234.82553320673813,314.25824130244,15.768006324768066,218.61617283008144,315.726744365696,16.1722354888916,220.9356296960867,324.2806983876019,-8.874796867370605,256.3359997879076,332.64945341834044,4.256072998046875,241.67754371652939,341.86644985798864,11.130027770996094,224.4842297176629,343.8672642955181,10.168365478515625,226.20954761685732,360.25360488371587,-9.22765827178955,256.02063790363275,362.2479396482425,2.197023391723633,243.5607258018539,367.9902479147172,8.855575561523438,228.82313194165008,371.47032517942506,10.074254989624023,THUMBS_UP
82.40731449319371,363.5441280947487,-0.0010228157043457031,127.65431356010652,332.30851182902506,-12.509536743164062,144.20891666754233,280.3076817876354,-20.279796600341797,152.36159584192566,229.78014893349365,-27.517257690429688,169.0222085110384,178.8277202117187,-33.86817169189453,99.0386700780466,237.61681845928095,-16.959686279296875,114.89967500682138,234.4768855205533,-36.45226287841797,122.90697892144362,233.69520066664967,-41.886634826660156,123.5840889869367,223.43764769419846,-42.08964157104492,68.06357055009525,251.60028348664935,-17.282379150390625,99.97161141960326,274.5936094831058,-37.12963104248047,112.6951278917614,298.86596214168117,-37.223209381103516,110.72355249480574,297.2724998074792,-34.60790252685547,43.9784981180532,272.3647562025145,-20.106935501098633,77.95839602287647,300.318647553246,-38.41302490234375,91.38466432395118,322.9298295705282,-35.26194381713867,88.2116314699867,321.27265471246517,-30.81111717224121,24.891400815746692,296.55401885998845,-23.941024780273438,56.08714521580449,315.7844169585283,-37.88423538208008,69.58720470709818,334.2071956509934,-34.846473693847656,64.72589112378868,336.56165567686,-30.508014678955078,THUMBS_UP
157.2205835769061,295.3677282317423,-0.0011306852102279663,186.37358692756862,324.12926089165694,-19.1185245513916,231.22945954218955,333.68979434031,-28.620819091796875,267.45078012863576,331.58244355760314,-37.4089241027832,288.88238195082,327.56165138788276,-45.58144760131836,262.3465971285532,272.653958038341,-12.691884994506836,275.9956700023422,270.0830586644183,-38.98869323730469,245.99735877736828,283.808685134766,-43.747005462646484,231.5259776096852,287.84513578895553,-34.82225799560547,247.83327607998325,245.60222073061587,-11.136552810668945,254.57556508739202,247.2088682217797,-39.46345520019531,221.1511177889312,268.9308176717547,-42.68026351928711,215.20965402657097,273.344566263534,-33.80046844482422,228.4144442993521,224.7442130092648,-13.388225555419922,233.19545870227427,226.9943632725965,-39.136356353759766,205.32664282537596,251.5123143149529,-39.60166931152344,200.47849369380634,257.0959993412896,-31.420236587524414,206.61573075417104,207.8794220894855,-16.60887336730957,209.4643292889717,209.1357695749714,-36.106082916259766,193.46795689780626,230.22062522114948,-34.48634338378906,189.40891925032713,237.79094014024182,-25.142465591430664,THUMBS_DOWN
94.21297265088307,346.88867672647365,-0.0005115121603012085,128.23230693431753,370.62209119356015,-11.29199504852295,174.97088501869735,371.73769819916816,-16.935707092285156,214.02380293407845,365.32877126243295,-23.11627960205078,245.11597230499856,366.22081084655224,-29.558435440063477,201.22102766547903,302.87023355404835,-8.316699981689453,206.20508246101667,298.6446997537133,-20.50261688232422,182.7272820390873,317.9126007154296,-17.78826141357422,176.9436780623315,324.5728301262374,-9.25764274597168,181.22410973245692,281.92131178812645,-6.964488506317139,175.18569083911845,289.3829961998986,-21.235774993896484,149.81573955389177,318.64947125078,-15.82715129852295,146.56074886127837,324.70885769864515,-4.5925445556640625,155.6522129292713,268.75561308052414,-8.175533294677734,150.8599394034022,278.91916606440003,-21.596797943115234,129.95354355255932,310.93886416967416,-17.466083526611328,126.41051515007497,318.30822040477375,-9.24187183380127,128.3825159157842,259.70177901823354,-10.191301345825195,135.127241700039,260.85198515191513,-21.114744186401367,130.90222514346493,275.32595866240905,-19.541168212890625,132.04396382747856,273.3419740576815,-12.674046516418457,THUMBS_DOWN
54.22775651418358,319.3045157503873,-0.0017123296856880188,93.8969450546299,334.57228839170074,-14.49046802520752,139.71363925443677,323.27275872381597,-19.958791732788086,177.9478550380094,306.9871358611766,-24.580289840698242,208.34490755212482,298.7722383754506,-30.58102798461914,137.4896270877041,265.79150139232723,-11.687494277954102,148.17370518420964,248.26807925020142,-25.9720516204834,129.55606081946212,274.24618725135963,-28.312829971313477,121.98421035925442,284.7711724356927,-22.55390167236328,113.69888636614817,247.20019355183558,-8.313678741455078,119.57774759633858,236.33288615117482,-23.346220016479492,99.91781125058459,271.50876099461243,-25.17863655090332,96.41716312547824,281.23795265495073,-19.31119155883789,88.46773166652123,235.552153539737,-7.272735595703125,93.8144971625206,227.0894867728251,-21.825389862060547,79.1712325888904,262.6658108398342,-24.88555335998535,76.12062751497832,274.9853958131112,-21.142200469970703,63.520148789470554,227.46626623115756,-6.846088409423828,71.2761712901625,217.11990211161475,-18.311735153198242,66.62877958683488,240.29184366716217,-19.346923828125,64.85655237470672,251.54161166802217,-14.141953468322754,THUMBS_DOWN
56.84785534612925,324.2370856562937,-0.00235835462808609,100.51729748801905,333.289776157928,-12.383020401000977,140.9367493318366,315.8791922623366,-15.455930709838867,173.92866894250957,289.05339313578116,-18.345117568969727,199.7678072762908,269.9088385163579,-21.923498153686523,131.73714203307486,260.2417133626236,-3.8866472244262695,133.46313381750258,251.16343499389026,-19.42656707763672,115.38865727062995,276.79904374041075,-20.0795955657959,106.79969855208577,285.39561029645193,-11.642257690429688,107.0610521102898,243.83799494522717,-1.2060189247131348,107.25424151389447,239.918085065728,-17.90463638305664,91.4812384742962,275.13261634007324,-18.131750106811523,86.4283682460331,285.32563801646035,-10.14365291595459,81.45284839738818,234.00552132477077,-1.5367069244384766,82.99142076864021,231.41416885093304,-16.90060806274414,72.29325521148743,267.0247981078231,-18.765888214111328,68.68795875913045,279.6020160606952,-13.447343826293945,56.15405335241073,228.41276157178564,-2.4822940826416016,63.29309752498821,215.70721523568437,-13.474987030029297,63.334940394814886,231.45296400800981,-14.683661460876465,63.12263800921402,238.98907862941704,-9.813454627990723,THUMBS_DOWN
105.07074143117052,309.0419527896783,-0.00142013281583786,141.33927396417081,329.33794039308617,-15.242116928100586,187.36901712299573,326.11013908688574,-20.304439544677734,227.56894629095302,315.14756821226285,-24.434972763061523,260.76670824701546,309.93664394397456,-28.872751235961914,200.78295451418046,273.48162633312995,-7.358399868011475,216.70000179270414,256.7179340327948,-25.88677215576172,192.55545242658027,274.5013223649113,-31.2581729888916,180.12584279903746,282.81694648666513,-26.533023834228516,181.31914598822067,252.57795303329877,-4.578686237335205,193.77609677234904,240.91200718243357,-25.591341018676758,165.15147687915388,266.0373729921645,-30.964656829833984,155.91040311690483,273.71261091280417,-25.758846282958984,160.8586889428719,236.25887012386323,-4.785277366638184,171.55241638905218,225.66779866425895,-23.822555541992188,148.46208136328488,252.7793755514541,-28.16560935974121,140.5141881666721,262.70507998814446,-24.262460708618164,139.20547031701423,221.92201561032647,-5.864532470703125,151.3619042505122,210.9596348302113,-20.307729721069336,140.98847290054448,229.77227899561714,-22.49443817138672,134.6994870040316,238.88340535969587,-17.76896095275879,THUMBS_DOWN
91.87567174459843,332.08501035348735,-0.001903720200061798,133.00338810868,343.3629622860101,-10.966249465942383,174.13697920698564,328.8328056226382,-14.599635124206543,204.58796620990074,306.362749053222,-18.49285316467285,223.82639521145154,288.75412336808824,-23.018192291259766,174.66230277967932,269.9451945102853,-0.4920399785041809,183.2259170487412,266.4636519442043,-22.148771286010742,164.59144968390547,293.59598185475375,-29.012123107910156,152.19281228225435,303.9307328511019,-21.948287963867188,150.72764637253243,253.36547653730688,0.6093627214431763,155.82551148033508,253.43465473647015,-20.06096649169922,138.25893048160668,289.41552951149475,-24.55540657043457,129.98655195328456,300.35016940512077,-18.09960174560547,124.33159385619867,243.24900740864206,-1.4946433305740356,128.92456634837518,243.602663250722,-20.69401741027832,116.31237773654337,279.5364321492874,-24.810890197753906,110.43080300283769,291.5771672595495,-20.02645492553711,96.48628173374985,238.27155607067252,-3.9542458057403564,103.71947105965954,229.06335552973405,-16.827680587768555,103.50805796118784,243.6446687389364,-17.351314544677734,103.57701168143606,249.0905742945567,-11.245428085327148,THUMBS_DOWN
143.41151066281842,250.75354394408066,-0.010537967085838318,175.56922788475228,280.7895983261906,-17.533981323242188,219.04544067421992,298.2784844432289,-29.701566696166992,257.4814944708945,300.69812476764474,-41.614776611328125,282.4307562186167,296.6824462220456,-52.82281494140625,257.1745076247422,246.19500840365077,-24.245397567749023,279.1879408776099,247.47621915964535,-47.82511901855469,262.43616743710055,253.4924611377753,-49.06845474243164,251.78861011173163,253.57554589270063,-41.93871307373047,246.85710657923212,217.62088667147216,-24.744117736816406,262.5782457782469,225.41536388971227,-53.46083068847656,236.71205300143225,240.25443166167662,-50.04568862915039,228.86228394233592,242.47044623595883,-39.25407028198242,231.8665178415818,192.9073117328633,-28.144901275634766,243.28139677429942,201.9138268954864,-54.5725212097168,218.2206308613296,220.13756296394868,-46.59477996826172,209.8589767263795,223.13217834674953,-34.910308837890625,212.4708778938084,172.5769617754943,-32.61747360229492,222.2162094261505,176.0547102640741,-52.04275894165039,206.4448682700215,194.49628189238834,-45.36952209472656,197.61397290926058,200.96597946874968,-34.73093032836914,THUMBS_DOWN
144.83093527410415,242.01073271354602,-0.0009769052267074585,168.4580725239946,284.0250034603455,-15.834856033325195,209.27183162310092,317.5165470163778,-25.54725456237793,249.13241182740404,336.74310078372685,-33.79164505004883,277.0424028384641,346.7169760408565,-41.328712463378906,261.2526433737708,275.92108591482065,-20.391441345214844,309.9694446995355,273.5542131083512,-35.854610443115234,290.5776904133987,277.6679254486482,-45.74712371826172,264.9797990089156,281.8218278922149,-49.900177001953125,262.67423901661107,243.35942163827644,-19.267240524291992,312.3917347536657,240.36575575311124,-38.09646987915039,284.65576599836004,246.49642940221096,-48.120079040527344,258.1339523640959,251.68177325864914,-51.255638122558594,256.77731005815036,213.95439625643138,-20.058454513549805,303.35777779474387,206.7304398995464,-36.89431381225586,278.44353714899006,217.3407008799913,-44.75727462768555,255.1730733165694,226.26557061019182,-46.76654052734375,243.50264040682208,186.50382063599355,-21.922054290771484,281.8693532765182,175.4154114002931,-35.47878646850586,271.24484502834764,186.89234037767176,-41.41986083984375,255.71209624575195,199.38168948650073,-43.424983978271484,THUMBS_DOWN
148.132572822572,244.65583920857054,-0.0006915554404258728,175.08880204701484,280.54045485992674,-14.114032745361328,216.39003894239033,306.9425938756109,-22.261127471923828,254.31663509146128,316.8445950228977,-29.259986877441406,278.4955381208773,313.7634428757374,-36.56425857543945,262.44890701914596,255.85143766610682,-15.006158828735352,308.66286472657396,243.93708107778576,-25.34950065612793,303.19234485082563,246.45660975691115,-35.46387481689453,285.0828341369586,250.44338015237483,-40.94135665893555,260.76838328182737,224.908228307363,-13.167238235473633,309.38581086015955,210.69285646710745,-21.842248916625977,300.43277638792495,216.31095503097606,-32.27128219604492,279.635968694687,223.4927641832567,-40.03841018676758,251.1890673387261,199.27595473844605,-13.12186336517334,296.4318531316386,181.4815823138575,-21.311443328857422,288.6584039787077,189.5191147680178,-29.950159072875977,270.84559067950005,200.24742700208313,-36.02661895751953,233.09331135178786,176.37521679399975,-14.357156753540039,269.3978593110572,159.59863202369132,-22.692163467407227,270.4719412963073,166.03994486654048,-29.180877685546875,260.85248331141605,178.28909621631638,-34.177032470703125,THUMBS_DOWN
146.20023066804885,244.6697079265877,-0.0007914155721664429,172.13060890636245,279.86645185567767,-15.936655044555664,213.62932036179757,306.6249628338701,-25.084932327270508,252.5651120480376,319.30269266712696,-32.689640045166016,279.1339020340944,323.1052567136475,-40.11344909667969,258.3071253291112,258.7172414284751,-20.7646427154541,305.44000408707143,247.92560513852604,-33.20180130004883,293.1939627888068,252.9313214675454,-41.53932571411133,272.290033096359,259.8788735668045,-45.0631103515625,256.6019189928468,227.63563431928645,-18.66953468322754,304.5147080447721,214.1558120199039,-30.72795867919922,289.0730732880804,221.1694326362622,-39.74959182739258,267.97931318226136,229.6514985636453,-45.292823791503906,247.53755934083426,201.16922944246005,-18.34562873840332,293.10915764063407,183.60985760431416,-29.487314224243164,280.4880559027119,193.57392164175673,-36.845333099365234,262.96469319920436,205.08279330937347,-41.18024826049805,230.51918352962727,177.0153813708581,-19.24268913269043,267.4773657046657,159.69199842985117,-30.02133560180664,264.9937870555896,168.38712688387764,-35.95209503173828,255.24755994179645,181.23568367937867,-39.594696044921875,THUMBS_DOWN
148.11201314318578,245.49755559298626,-0.0008142367005348206,173.33164011027375,280.75298886204394,-15.329904556274414,213.5817762447684,307.2200056855148,-24.01092529296875,253.1135319184815,319.9595227300647,-31.138181686401367,281.1358875559995,324.7587614491096,-37.812049865722656,257.47710634475675,259.9247378948249,-19.881877899169922,303.0784432113292,250.35949862457733,-31.59615707397461,292.80954732174223,254.58133301804025,-38.36766052246094,275.02261475273946,259.9463523399782,-41.068607330322266,256.2483938994198,229.23332423646391,-18.010875701904297,302.6106510932301,218.3169034680286,-30.864004135131836,287.8300660263691,225.3472887794023,-38.80877685546875,268.7779909323444,232.81686095062477,-43.052330017089844,247.9104863655581,202.76717711309792,-17.87933349609375,291.5012415191885,188.0043597836714,-29.727081298828125,278.9148668899359,198.01733317041672,-36.127349853515625,262.7598212463439,208.61439688096274,-39.405887603759766,232.11605297698057,178.2994146576746,-18.907691955566406,266.8994841547312,162.25907289856644,-29.795005798339844,264.04417153178554,171.33832403103105,-35.000022888183594,254.71581396842083,183.7232090680942,-37.8233642578125,THUMBS_DOWN
121.75906587728727,316.32748542636585,-0.00131901353597641,165.6167424750645,313.76870190282796,3.3567216396331787,199.06868898759993,290.4135319708948,4.41044282913208,222.74430019483884,266.04292808498906,1.5054409503936768,238.53914016584767,237.7390947252657,-1.8871066570281982,182.4694579698398,238.83967931149556,21.462261199951172,204.63278896567093,210.09541069751916,20.984970092773438,222.22243162141575,207.88504865593583,16.33115577697754,232.33744631199826,214.54884417760343,13.828989028930664,170.86327973263403,228.18608668187235,14.750832557678223,196.91409927918545,193.31650548399892,13.186246871948242,220.89629955696734,197.93607951064587,4.803865909576416,231.55590349940388,212.7766987473232,-0.05892932415008545,159.6631576831947,223.67472643143606,6.255888938903809,187.5070862114348,189.5718194277418,1.684253215789795,217.16148125545377,198.76126332462405,-9.464982986450195,230.00993778785698,218.49101749180528,-16.156822204589844,149.01757360028728,224.17156180322303,-1.945130467414856,177.92933050434362,202.23956491519084,-7.893568992614746,204.21740752298592,206.66626822376224,-15.77734375,220.47526788107302,222.0945803507017,-21.247753143310547,POINTS_EQUAL
122.9714965639523,304.528525691642,-0.001359201967716217,163.6980107930359,306.19811937345025,6.4011993408203125,192.28671219847095,288.244618605792,8.70763111114502,214.2605981779702,269.0216008889176,6.191831588745117,231.0323183744569,246.25497964375572,3.0257158279418945,176.93272924430994,241.32092447446664,25.584259033203125,198.4045592975645,216.13923584876449,24.404525756835938,213.97470140662705,216.57399019476654,19.29053497314453,222.61004849574522,225.64576566329526,16.600086212158203,166.27066027457292,229.90904329602517,16.8228816986084,192.2025714120017,198.8776695211945,13.689603805541992,213.74841738177594,204.91471801546263,4.017773628234863,223.73048902173934,221.082101043762,-1.0244004726409912,156.8294749353151,224.05855829963855,6.373806953430176,184.52483188374683,193.88219628641173,1.1589398384094238,211.05412763953694,203.18829699914528,-10.62546157836914,223.29591959406912,222.2557056287835,-17.10243797302246,148.00113101217977,222.71512960780274,-3.5739684104919434,175.91290951278071,203.31828433108814,-9.75296401977539,199.51406233233263,207.86638605658553,-18.436264038085938,215.17622443674122,221.82658283791073,-24.311283111572266,POINTS_EQUAL
121.62442851615876,313.420065037553,-0.0011797323822975159,160.45344467939648,312.81376017792013,2.2632131576538086,185.72370141318,295.3315518131121,-0.15959031879901886,203.48621918761893,277.75000317088853,-5.100919246673584,218.23375474070428,259.56695690321243,-10.516758918762207,171.3500411180896,250.2712073049444,1.3394205570220947,194.72952775607496,227.51761468372482,-5.4106855392456055,213.51748232564694,230.23272617762134,-10.415136337280273,226.5215437269718,239.0753728365942,-13.317834854125977,162.06575898678545,240.03783226311586,-5.823842525482178,192.3337205537123,214.9961974174255,-15.234476089477539,216.74701837098283,222.5165499076082,-22.432157516479492,230.64304211473674,237.5106549165102,-27.0802001953125,153.30800285705874,237.09292965416506,-13.46469497680664,183.5887153429377,212.63082937411625,-22.433956146240234,211.56455699020643,220.50777293795537,-29.11992645263672,227.71106966990274,236.27362286011106,-33.47556686401367,144.63102672617538,240.2036926903131,-20.717899322509766,172.0931624301892,222.3882602431719,-28.07000160217285,196.56612147748265,224.5544011124382,-32.989418029785156,215.54793770818472,234.96853531554615,-36.99327087402344,POINTS_EQUAL
129.15708386643183,290.48710979848346,-0.0008296594023704529,162.6260407019488,288.8108775007239,-1.3900774717330933,188.0262719953354,279.3469090033274,-8.576545715332031,208.80947694312957,268.8259069304121,-16.759822845458984,228.39388911623143,256.83986497534266,-25.665220260620117,174.88833517126432,239.5861033537189,-19.92116928100586,202.54427774042267,222.45547170833265,-31.022865295410156,221.7737597775003,223.901996162593,-36.18744659423828,235.5302219706711,229.78315601487208,-38.81366729736328,165.85696713523504,230.68992941506588,-26.32254409790039,200.74066995337031,213.97239193814994,-42.27189254760742,223.84469877654976,219.29955867793737,-49.42232894897461,237.38443346687615,230.6171763729783,-52.67916488647461,158.08615352877004,229.8345718147184,-32.0171012878418,192.6219295281233,213.2082875494769,-47.1302604675293,217.79832182560156,219.43592561142322,-53.68693542480469,232.53661603006128,231.54264565476882,-55.66777801513672,151.62310977868373,235.01117772957056,-37.20064163208008,180.30138034847883,223.22687035931605,-49.067481994628906,200.76198910356004,224.3922123373755,-54.48580551147461,215.89182463595148,230.90233069667352,-56.843990325927734,POINTS_EQUAL
147.53685112606098,299.04101452362306,-0.0006894022226333618,191.4196446953064,303.59208053376346,9.25195598602295,220.05679996912994,286.1860525007159,13.500163078308105,240.40195165571072,266.8071238278414,12.44887924194336,255.69815819559187,243.99386203026802,10.867047309875488,202.72177426704548,239.89956265515448,33.47682189941406,225.24279487228785,217.67161506335935,34.81550216674805,243.77908514393198,218.80589910650008,30.832538604736328,256.08182771443035,226.27985849784244,27.7701416015625,191.73859233242095,228.14799509304274,23.966270446777344,218.57674894254922,199.80756208781446,23.022878646850586,243.6038461612799,205.332945416035,14.329085350036621,258.17741916156086,218.54796747840282,9.256861686706543,181.49079029949675,221.96251424186002,12.958192825317383,211.6493774205895,196.51491281496345,9.290706634521484,241.17470746170454,206.44508660224406,-0.6554163098335266,257.41805272223456,223.19153091049904,-6.2699456214904785,173.27282803511102,220.81804300322568,2.5636353492736816,203.72124816851425,205.760806635675,-1.365939974784851,228.50192030823447,212.2732828279129,-7.759415149688721,246.12106073241426,225.45962076195303,-11.770134925842285,POINTS_EQUAL
153.89354506677446,296.13015356056616,-0.0010609924793243408,198.25838372952745,290.54174143210207,10.251252174377441,224.0188584146958,273.4079883160221,10.873183250427246,243.83037911885788,260.0380569734999,6.906309127807617,261.282447419231,245.6156315858563,2.4402689933776855,208.17985571422741,226.73697347990316,9.651817321777344,236.95711818152415,208.34648481276918,2.581634998321533,256.9662659812937,215.80515258575633,-3.6900954246520996,269.0520452895422,228.7727302231242,-8.005086898803711,197.20022811219215,220.2582670782947,-2.232419729232788,233.4766775677458,201.24264827981435,-11.524930000305176,258.4059159682689,214.3255716028617,-19.173648834228516,270.22309570212013,232.51491389044196,-24.16192054748535,187.05847770505014,221.6595583699554,-14.226179122924805,224.60098733465986,202.61471816822865,-23.041276931762695,253.3626565080399,217.19775570958646,-29.192272186279297,267.3241096002386,237.4332094953469,-32.2071418762207,179.0214375280113,228.51025407659134,-25.418947219848633,212.5114255019799,215.7200702616171,-32.75956726074219,237.52463659466295,223.32143263926082,-37.09868621826172,254.22895796626608,237.58643784121278,-39.37860107421875,POINTS_EQUAL
157.1816313902158,301.8180505744044,-0.001019805669784546,198.87303642211182,295.2282935392104,6.691115856170654,223.74038382278272,276.4429633849352,5.018457412719727,242.93188916354507,261.9026206480912,-0.30534452199935913,261.25120542798265,247.31520503820033,-6.3270158767700195,205.41725184325006,229.06605072843354,1.8196699619293213,231.63289574617625,207.04520388361783,-6.3705549240112305,252.41635366063315,213.71279851249903,-12.420797348022461,265.606328006105,227.05250494601756,-16.1058292388916,194.20749797386398,223.16804858797664,-8.411758422851562,228.19648941194782,198.4521843626767,-19.948270797729492,254.44089907397398,210.686980973526,-27.472450256347656,267.762771449449,230.4198374686186,-31.572851181030273,184.48535307600716,225.21347641110327,-18.66118812561035,219.37867868339117,200.22679126508794,-29.496932983398438,249.06214185559162,212.4783746469783,-35.18932342529297,264.3024058761295,232.8026651343741,-37.170841217041016,177.1680125661591,233.2594184008309,-28.214616775512695,208.02639213613114,214.3965073064089,-37.11531066894531,233.4231354819944,218.8377054736879,-41.3123779296875,251.35751536535136,232.19442125466477,-43.120094299316406,POINTS_EQUAL
133.88677947997772,323.3326636917645,-0.0009742900729179382,183.51178502960897,309.3657991263582,28.024364471435547,210.15329256782783,278.01456047197644,33.40758514404297,231.85913312758478,259.7725715301609,30.681901931762695,253.23252378276743,239.49079039771732,24.89132308959961,161.4675766358971,214.18900324636016,25.40178680419922,198.99432358173783,184.4044023858404,27.559925079345703,228.0789580798709,187.74922144947607,29.963247299194336,241.78760978741835,199.61643134758526,31.763118743896484,154.62794614786046,214.72052524267292,6.75921630859375,208.5868329802473,179.7990625131511,7.291757583618164,244.56193247779302,197.32903103237308,9.008590698242188,254.86628536852234,218.0767466730643,10.470449447631836,157.12297946394648,223.4539824011818,-10.364665031433105,215.07429062307165,193.93416084121355,-8.376047134399414,247.58411966388795,216.20093655655756,-3.836832046508789,254.64428308435433,239.03661807577782,-1.154054880142212,166.50016899309594,237.14829918509685,-25.648427963256836,217.02766148945648,218.9417611642768,-21.02952003479004,242.61093330822587,233.13917713258562,-16.222782135009766,249.62908018149778,250.93609574846676,-13.557665824890137,POINTS_EQUAL
128.6104554197044,318.97317953865365,-0.0011168122291564941,175.027133613628,304.1571706233671,14.373913764953613,197.34763698083074,276.75845282654484,22.269845962524414,213.0050182424839,252.17351873142272,24.554922103881836,226.910137570826,226.28194505739637,25.91306495666504,172.12224000555076,236.0833331899072,39.46799087524414,189.32752698578233,205.01489869685753,44.5177116394043,205.71665492020526,197.44663822608686,42.83942794799805,215.66908733770885,198.3295636660344,40.95966339111328,160.53497028525527,228.2113920905405,29.47996711730957,183.14087101051513,189.728074937793,31.92173194885254,207.03573235300036,188.74748932415324,24.519088745117188,220.86837012232104,198.238353754334,19.548044204711914,152.08521112724523,222.79180822601882,18.44370460510254,177.71659438926042,185.05511675719765,18.279376983642578,206.98463924883868,189.89147241671589,9.521312713623047,222.72279492645612,205.21681114791284,3.925614356994629,146.28767087414295,220.03384891945348,8.332624435424805,172.6550785347889,192.33101549704824,7.245570182800293,196.88562330313658,192.49361695929431,2.214132070541382,213.3435651926421,203.33836773869405,-1.8675951957702637,POINTS_EQUAL
128.6803844140283,325.49923018928405,-0.0012502893805503845,163.0324788432921,326.2558933419917,-12.221064567565918,193.68580934783955,302.65563052678044,-17.46889877319336,213.29351803725154,274.593104079529,-22.48278045654297,222.94941544576048,248.60232329756033,-27.35573959350586,193.09949176142067,246.27823135715101,-1.2767071723937988,218.99390230134634,216.6401953141254,-7.494197845458984,233.98032948186705,209.78230370105737,-15.516324996948242,244.92349367299875,209.92578092258827,-21.39800262451172,178.2846260635527,232.45909386823925,-0.7933460474014282,203.38979168328905,200.3255959168581,-7.059317588806152,216.89274901805157,196.9387316890269,-17.27414321899414,226.34782245383886,202.72850082443324,-25.653717041015625,163.79088155618655,228.48735582067192,-2.6427297592163086,187.55960101015123,199.19580100913473,-9.484475135803223,202.33055380526582,203.20140863173683,-19.451793670654297,212.74847496312395,214.33247651746123,-26.972156524658203,147.01773474715537,230.43472100963834,-5.819220066070557,168.32054723321397,209.75929454997288,-13.097169876098633,182.2120627997741,211.26264386133238,-20.347766876220703,194.13081268640974,218.17695119740299,-26.596996307373047,POINTS_EQUAL
126.5294443539481,322.3984662513224,-0.0015889927744865417,159.6296263135296,324.0584227663862,-15.42451286315918,191.00958057479454,303.0541095840084,-23.667722702026367,210.78716133308444,274.913959486673,-31.180967330932617,219.6662358896194,247.14127063116518,-38.26496887207031,191.16340093567945,243.262419303968,-8.89284896850586,213.05853276875416,212.82839139009366,-16.460180282592773,225.52341141059935,207.47204459225458,-24.19491195678711,233.8490053061983,211.05590984766656,-30.09374237060547,176.38131123165374,228.90687286105975,-8.241554260253906,202.63226463353834,196.36120986033825,-16.37173080444336,215.71998423529863,196.66493978027773,-26.65083122253418,223.75312223233544,207.31752940292066,-35.36360549926758,160.88470751206145,225.2865369570451,-9.796331405639648,185.94646392213238,195.02541545087996,-18.6672306060791,199.46779970672048,201.05392771583882,-29.093626022338867,207.77472334597513,213.86533202075768,-37.00180435180664,143.10927751814592,227.98546041600147,-12.831317901611328,165.4544140133514,205.29605175158173,-22.016128540039062,178.70255031759012,207.03781490982436,-29.345840454101562,189.49922254842255,214.7031795649952,-35.51276397705078,POINTS_EQUAL
122.77742191604892,327.49142339087365,-0.0007620453834533691,162.18406127061027,341.76015046776615,-6.2527241706848145,203.16393763507085,331.3636120748447,-9.330681800842285,234.5684656533768,320.13064318710803,-12.912559509277344,260.5414100475396,312.9623365477445,-16.288259506225586,208.88106360251777,254.97266667156606,-0.7031441330909729,236.5240257964457,221.88228663092133,-2.082149028778076,251.9345873388525,196.71275691031667,-3.7886719703674316,262.82098732395144,175.27543274165106,-5.651585578918457,185.90316608987604,235.6768798148903,-2.717665195465088,208.47865943003816,190.48548828553464,-4.380295276641846,224.32568344830426,159.2843963844271,-7.404414176940918,235.25793273672886,135.28208758305755,-9.58729362487793,159.89668713435577,227.04000729023696,-6.341283798217773,174.81045942099206,180.52848451251438,-8.769441604614258,188.06075799262726,149.88838189331784,-11.070018768310547,198.42618292204776,127.11224573565895,-12.503934860229492,130.11616174998534,227.04940318613708,-11.060232162475586,135.63401140589738,187.96384372272584,-14.133051872253418,142.65624243674688,162.81788553091994,-15.911972045898438,150.18990185928868,139.8361197231033,-16.830204010009766,PALM
130.87854259617856,320.42324959165774,-0.000519290566444397,165.15626201902109,340.850733250895,-4.50290584564209,202.13758840623382,340.3794724288012,-7.961509704589844,233.18881107576482,330.191715767755,-11.165374755859375,255.40894944707716,321.6480845541714,-13.189972877502441,220.43363427926755,289.67933244916935,-8.854511260986328,265.70914676901066,264.54558021221425,-11.025623321533203,290.6472124773496,247.81358803090413,-10.41836929321289,309.7365152895334,232.1694603295102,-10.911645889282227,207.09431617729302,264.00351670173495,-10.433331489562988,252.59020839444338,227.40422505740563,-15.741249084472656,278.75540399861364,204.80606310066023,-17.200773239135742,296.6495069027042,185.57411321465713,-18.295228958129883,188.0927130565969,246.19627437791527,-12.321818351745605,225.98326119075952,208.24753174418962,-17.275781631469727,248.06692846594652,187.09052799628955,-18.596567153930664,263.28563246501824,171.21419746003932,-19.21234893798828,162.93394356197464,234.84346417257774,-14.547578811645508,185.9050679620131,201.41907689611915,-18.492008209228516,199.65851363308684,184.82229743516572,-19.71722412109375,211.66304364515793,169.5957755543662,-20.228952407836914,PALM
109.96220148578274,362.8869830893956,-0.001245245337486267,148.98250806151026,308.5903362805252,2.556342363357544,158.70051466543777,258.8567869691542,3.376331090927124,167.95564374796498,221.48603190114227,1.6675711870193481,179.21164297259796,187.51302882337595,-0.8435686230659485,94.8278315375216,212.1221174809952,9.903339385986328,80.8848065513195,167.12782471254468,9.883646011352539,71.66506904255579,132.50762691384256,8.645625114440918,63.98202555531961,102.85017926505972,6.947452068328857,69.2723884651778,217.70447137252754,4.188526630401611,46.72114398376483,168.0756469971774,4.270340442657471,37.4865066116669,127.71717855619112,2.4843857288360596,32.617644793731856,95.54447666293987,0.4997197389602661,50.274329145045556,232.03555864181934,-2.7347605228424072,24.944782085501984,183.02811254114053,-5.464386940002441,18.814262313000512,145.582876961899,-9.321346282958984,16.139050703290522,117.67870816578815,-12.347441673278809,35.29222751768102,252.66625899136926,-9.818122863769531,14.809099873680182,211.25628457279376,-14.018848419189453,9.723710461729027,179.73905421725382,-17.176599502563477,7.549429984559737,153.30740447991496,-19.75912857055664,PALM
108.52774512399664,360.99458991083486,-0.0007184073328971863,156.43200917876788,322.1942941224375,-1.0845297574996948,182.70587609442538,284.45251245235676,-2.396172046661377,203.31947006798575,255.73672972601784,-5.231529235839844,218.44059460852097,229.78024005787756,-8.221043586730957,133.03798927521774,219.98571567359625,3.026287078857422,126.18200532985462,171.62651005376745,2.027733325958252,122.15428992759098,136.6856094040118,0.4295582175254822,118.40796561597878,107.32693549700755,-1.510259747505188,107.85674679606535,220.04971669069505,-1.4255708456039429,90.92616718032369,162.09449665471027,-2.729689121246338,81.87900357605477,122.50538847191764,-4.95841121673584,73.22370778176276,89.5915855339547,-6.599641799926758,86.3962310869242,228.9897103913981,-6.888419151306152,64.86975237451594,175.44455397325132,-9.307269096374512,52.651541044501464,135.78458156047117,-11.562650680541992,43.052508638185316,102.9158102658014,-13.188484191894531,68.09380558822511,244.26055103111747,-12.935035705566406,46.22784867965767,201.07483456897273,-15.85968017578125,33.30575626698581,168.9338136282115,-17.553497314453125,21.604287078469454,139.47253457790094,-18.661922454833984,PALM
115.95010119624034,360.5189195811427,-0.0007599815726280212,167.54033472179214,361.55780847063414,-3.694248676300049,211.54829619321342,342.5959523397544,-6.039852142333984,246.29598573388728,324.96026229049824,-9.394073486328125,278.295948301482,311.6661176204126,-12.80935001373291,212.85643900770916,266.0811958838675,-1.0029170513153076,243.30044890906132,227.11062536673666,-3.6652560234069824,263.7275699862271,199.55693919138793,-6.223191261291504,280.71304611199054,176.0562509126025,-8.579166412353516,188.35664738011758,250.77864196013817,-4.598165512084961,214.96856029421076,199.59105245821314,-7.650274753570557,235.74520084466283,165.96121502238213,-11.361472129821777,252.05958160244398,139.00666151260083,-13.958738327026367,161.4754444720529,245.9332596144617,-9.374946594238281,180.4675828547523,194.67201566114676,-13.133474349975586,198.2669106240259,160.6716014300727,-16.355112075805664,213.10125065496115,134.2953494238529,-18.519166946411133,132.36220504974335,249.2059861239309,-14.900125503540039,141.65079896213842,205.03085218501803,-18.991716384887695,152.17616065949719,175.3043283132245,-21.502235412597656,162.9905370534781,148.10599424770896,-23.17816734313965,PALM
115.1184196045641,352.1749979428264,-0.0011156797409057617,166.2552649154987,359.6530011764098,-6.425722599029541,209.92697584769573,337.0936758641919,-8.632890701293945,236.8521122264504,308.1003773236406,-11.616744041442871,253.3754439299929,283.44021086425954,-14.180432319641113,202.73886937177588,270.8245315321228,3.22043514251709,229.34894440894743,239.00665879880907,1.5969988107681274,250.0266673940572,216.36981666635688,-1.761559247970581,269.1187676224034,197.94307363018544,-5.1476149559021,179.1502472879931,252.72820345360793,1.252421259880066,206.38891913744442,216.83100573298353,-0.0835113525390625,232.55482213000968,192.07582698765896,-5.270760536193848,254.70832469317259,175.39254521250987,-9.798477172851562,154.94544524901264,244.02368594234045,-2.5819122791290283,178.2801179077785,208.62824276424607,-5.103804588317871,204.08989099554077,186.34571521718303,-9.954266548156738,226.96432650796,172.9456900523086,-13.950785636901855,127.90307989609875,242.04251379556732,-7.641266822814941,145.3549020431977,211.79462853600597,-10.732933044433594,165.10021429727453,192.9184678532182,-14.129517555236816,186.3155425683491,179.22246513655523,-17.12337875366211,PALM
114.69523103248977,357.09733352346666,-0.0010476931929588318,164.9060622338342,369.64524595313117,-2.9421958923339844,209.66136014702877,353.43086852317936,-4.3757219314575195,237.59559831240253,334.5045441043056,-7.1864519119262695,255.83502225337878,320.5417068182028,-9.946306228637695,217.2457895321463,288.8902570737607,4.443660259246826,257.9876263925661,262.89930407827165,2.9310097694396973,283.44161965025825,245.09782812542812,0.5800543427467346,304.65780892120426,231.15765129484174,-2.215536594390869,198.9359784598446,269.7517456529634,0.9828041791915894,241.49570765144023,235.39731823807966,-0.4888228178024292,272.2109327011841,214.4610477035831,-3.825989246368408,295.03357278126884,201.40329800444997,-7.201939582824707,177.67702577044807,259.9514136880717,-4.0890960693359375,213.00288463688588,223.44736569950632,-6.979272842407227,243.21800834084718,202.93121160416166,-10.649011611938477,267.02750620573465,191.3910017398843,-14.10042667388916,151.77996966848508,257.8136844874462,-9.941987991333008,178.23751202993824,226.82197618104644,-13.265398979187012,202.0356316600144,210.0628884256773,-16.471492767333984,224.52612163412462,198.46632290770384,-19.74416732788086,PALM
167.0941430002621,395.7761491795397,-0.0011753067374229431,223.5440595691971,376.91875678299203,6.428681373596191,247.27471622787746,343.35586919035467,10.809266090393066,263.1431184082231,314.27646151681034,11.32883358001709,277.25562685747815,285.8333390262241,11.258893013000488,212.7085806274561,300.4498273875526,26.954849243164062,231.6275973806784,264.2821738979441,30.551403045654297,249.00375518242706,241.704460311822,28.958547592163086,266.49714626899305,225.67049361834574,25.841611862182617,190.67645550731106,291.24687181061825,20.145580291748047,209.6681866189716,246.14912858975194,22.341411590576172,234.2558100414819,222.95826352555295,16.435108184814453,256.80921360311174,211.0092366542921,10.61236572265625,171.94212728473002,286.57261731628085,11.931818008422852,190.6461966128565,240.72214299822076,11.125481605529785,219.9174355952212,224.29841732003086,3.221231698989868,244.02912675511865,220.2517542964087,-3.4900550842285156,156.18996188081414,284.44669430659013,3.824765682220459,174.23338698647797,249.2128595802252,1.752537727355957,197.6481954677671,237.3366965897771,-2.860380172729492,220.50896456773825,234.39480463104496,-7.355685234069824,PALM
171.1979332794869,398.8747630440642,-0.0009127408266067505,232.08970495410864,386.9075225529125,3.6044492721557617,260.6242043864403,354.1687965664569,6.794367790222168,278.99814961934806,324.4473265997004,6.445735931396484,292.6892316079068,295.65896531954184,5.55087423324585,227.12593990490427,300.68092573766825,23.896406173706055,248.5094815980471,266.29374929857676,26.822750091552734,269.39360609904554,246.53056418763143,23.987194061279297,290.8762222386067,233.6161150097032,19.542804718017578,204.57555891724678,287.98155066204936,17.731231689453125,227.8849179294966,245.56912701055666,19.793384552001953,255.720918733112,222.77852462110485,13.317890167236328,281.370754418617,212.84801879017903,6.958950996398926,184.16953136312034,281.29681301323416,9.74579906463623,204.4823602322947,236.91122024984395,10.106733322143555,235.24377259457086,215.69486230049233,3.5607759952545166,262.73105005950856,208.1518319650218,-2.4588918685913086,165.03016686081452,278.97777667343354,1.2833054065704346,180.49931248591957,242.7956192424798,0.22042512893676758,201.6709958441068,223.67936289384497,-3.981102705001831,224.53342498652032,213.38975254705278,-8.535242080688477,PALM
196.95550987874606,400.47716118803055,-0.0008511468768119812,252.99268456570343,391.7104281839706,4.992744445800781,281.71595456580866,364.14657708349193,8.458312034606934,303.36299774872714,341.30944745244165,8.06139087677002,324.6555875698776,319.80810925438664,7.110006809234619,255.64244100857243,308.7683700720619,24.582712173461914,281.30859258753696,276.3076531172527,25.339336395263672,303.7143178140264,258.65683006845234,20.289913177490234,326.6579798578751,248.79675533514853,14.90538215637207,234.30386625823985,295.6495728497554,17.629772186279297,261.3243666202656,254.75029719848027,17.56465721130371,290.86145760698093,236.59295892809405,9.526993751525879,318.4269983223416,230.97873089662806,2.6850831508636475,214.15806314269233,288.0703142057803,8.944120407104492,236.34328821848587,245.61590322597735,8.62279224395752,268.11873806577165,228.21327323374615,1.7083816528320312,297.1874962808919,223.3901839559319,-4.1593217849731445,194.66501389747273,285.20720448616754,-0.20209932327270508,210.50503687531312,250.23119604549134,-1.1373847723007202,231.60846096976562,232.26841176702072,-5.270412921905518,255.1782551838481,222.8292307344804,-9.594172477722168,PALM
177.45614736166542,372.14146026710404,-0.0014791786670684814,225.60561606118995,381.89558657127196,-4.560055255889893,263.4287529336932,368.14009133615764,-7.15765380859375,293.58752494281055,353.5923465339614,-11.319680213928223,319.4665290449916,338.2485526847718,-15.688063621520996,259.88011182886163,310.12263119492167,4.391448974609375,292.8166524483192,286.56059781719074,0.824689507484436,315.85113706077146,272.109918434748,-4.358227252960205,336.9290687324485,261.70147901230536,-9.213560104370117,242.5319345696846,292.83434713760386,0.7013441324234009,275.632662125319,263.1508955441432,-2.8249287605285645,304.44626572955775,245.95126399380405,-10.24409008026123,328.1839424631332,236.85100829955354,-17.031034469604492,224.14321994503797,281.8049089402094,-4.738224983215332,252.68963962740557,249.84516942856484,-8.27501392364502,281.7160346660143,233.57324332997268,-15.356075286865234,305.85801373902865,225.97230890320287,-21.79486846923828,203.83458901191915,274.6642504582268,-11.168453216552734,225.9323560693705,246.16195188702258,-14.649126052856445,247.81699102904187,229.79344919716056,-19.37570571899414,269.50889038960435,219.18919597864925,-24.149038314819336,PALM
178.1486673603344,349.2043590675567,-0.006299518048763275,215.19651081438147,353.12321961233516,-26.641443252563477,246.66738373622707,335.9382602589892,-41.551239013671875,256.1522576759136,310.1207479458956,-55.85625457763672,251.97490289744468,283.0128951707275,-69.8335189819336,245.59213065301714,284.96709046937286,-17.634410858154297,239.2128722694806,279.414825430336,-54.60110092163086,224.35059757628187,307.17747464907336,-56.119449615478516,216.32719912584358,319.36096114542806,-41.19428634643555,223.33810478193908,275.9713115282121,-13.84932804107666,218.05598334678854,278.9039978496404,-51.68097686767578,207.20515892656326,311.4948338025863,-52.79354476928711,203.6574701486858,317.88314074065283,-41.14869689941406,200.04407927207987,270.7651124040291,-15.691104888916016,194.49676100841606,275.6062842678001,-51.18672180175781,188.6392106547783,307.10663704193587,-50.39995574951172,186.8372323614131,313.79934729263437,-39.34960174560547,174.51248704331348,269.98406090682465,-18.865903854370117,174.4684501943673,267.8299418067188,-44.69181442260742,173.01850833381815,292.63175813608206,-42.86306381225586,170.78381351636781,303.603711516237,-33.603858947753906,FIST
167.10919962629418,365.0901045820054,-0.007228173315525055,213.74519186922402,370.9321210529898,-2.8484065532684326,251.17221219789934,351.139214026071,-0.03745357692241669,268.4805198971425,313.81416065585427,-0.29666778445243835,255.26657629930082,284.7861161146174,-2.2951390743255615,244.5056106194757,297.8994235515142,22.930391311645508,264.5548041069706,286.9694362071393,-4.384637355804443,249.7999016132242,309.51831208038476,-18.273664474487305,235.44495151990054,311.56740086507614,-9.821708679199219,227.46998970748683,286.1213715732725,18.230432510375977,247.34701451753944,281.8019302450725,-5.086033821105957,229.9208736915653,313.4118548105667,-14.632625579833984,214.45482076840412,312.2010005421407,-4.943463325500488,206.2730133232175,277.8732246781319,9.495196342468262,228.04872588168837,275.4666090206875,-13.839872360229492,212.19646179507947,307.63419335449026,-19.930570602416992,196.06958841549755,308.45219254569344,-12.098000526428223,181.20315652302355,272.4542660175831,0.676480770111084,206.95428599744355,271.1620860957188,-18.679067611694336,198.9168117079803,296.714077572832,-19.70383071899414,181.54400568987487,302.37880976336953,-11.284934997558594,FIST
173.1633574130901,351.4930987766569,-0.0007384046912193298,214.49379879115418,357.47095582834186,-13.116373062133789,250.9379446577763,334.1324544007157,-16.715456008911133,266.0765627627823,299.4347460875013,-21.69663429260254,259.46396479216725,273.15126162210913,-27.122108459472656,242.88196465410192,282.5195333573742,9.9632568359375,255.97102742976693,268.44753327215136,-22.27157211303711,239.6889203452102,296.15616102359286,-33.28657913208008,227.15294274904016,306.6277369694428,-22.190067291259766,222.53690691061144,273.15460335495897,8.672101020812988,235.16589238364753,265.44741486806686,-22.499469757080078,220.49410268740164,300.2136036812463,-31.957202911376953,209.82231911467434,304.9647491135934,-21.6138973236084,199.82347484390135,267.1843842190537,2.326312780380249,212.02166593346976,261.7489228700165,-27.430744171142578,201.9234044015514,296.01264654629676,-33.28688430786133,191.97476249575303,301.2502700075976,-23.743438720703125,173.8826154394391,263.58732155211794,-4.4280009269714355,189.03359209720543,260.24857441257586,-27.094356536865234,187.4890923765916,286.0238129537084,-28.103256225585938,178.7158217889647,294.2544476956521,-18.048269271850586,FIST
175.43048826012932,351.9982793958542,-0.00028759241104125977,215.69559151489682,359.20769868195924,-11.998597145080566,251.87744048959647,339.24280878166604,-13.758343696594238,266.9735721298905,304.1299123082084,-17.24626922607422,259.1689412971885,273.9499627202104,-22.04016876220703,247.45725624856527,289.75287248057697,13.005226135253906,258.85252570926434,275.8867996897275,-19.628459930419922,242.36764252015345,299.4695422610944,-35.78657913208008,229.51715279008485,308.27676371387383,-29.138723373413086,228.33499556578317,278.3030370941449,11.602703094482422,238.3431466936083,270.3055236381074,-19.34853172302246,223.07610545660512,302.014668631372,-32.994327545166016,212.10395822579835,307.88124471085007,-25.00847053527832,206.12615174929363,270.7807515041845,5.376585960388184,215.70996660107835,263.90758290971047,-24.545188903808594,204.68021281333534,296.0964612900488,-33.27254104614258,194.2098166900223,302.9911349670548,-25.14614486694336,179.86534958503654,265.5967792336371,-1.0770900249481201,192.81714576109218,260.1608384911963,-24.678340911865234,190.1418212007857,284.59254203749674,-27.25192642211914,181.82145828694382,294.71013815845635,-17.765321731567383,FIST
179.8319444464637,220.4335272414845,0.000025674700736999512,243.3026889890703,253.84619675669848,14.663199424743652,291.28654446782554,262.84156978973573,9.400276184082031,323.72278949355615,275.4091720276296,-2.6996970176696777,348.8152920481182,288.094794414549,-16.437137603759766,342.6971514751493,196.76452003076125,-7.493513107299805,366.63537649989314,232.939871304122,-21.40643882751465,338.80880516961076,265.797281322662,-20.259309768676758,313.1566708830498,279.8040291186026,-13.175474166870117,323.009931905642,178.62482245086767,-23.542495727539062,335.9103875070572,248.18267077966897,-37.174339294433594,306.254104069439,270.1507919636458,-26.511728286743164,294.3315418696335,259.5015084716543,-16.629859924316406,297.13840863219775,177.71221204834438,-39.609901428222656,305.60067244762695,254.48323014337097,-48.111568450927734,277.5433148320325,268.86542861065544,-32.44297790527344,269.1946664032576,256.23998370814917,-21.687179565429688,265.1593703267624,185.2013526944757,-55.50911331176758,269.73491626708795,255.14098304080102,-57.691951751708984,250.22950629317637,270.09836018952836,-44.87449264526367,244.08879301823222,255.73571387551056,-35.75584030151367,FIST
227.73160262473797,213.06751596320063,0.0019033253192901611,250.85949903877622,236.8420792751073,-22.55834197998047,270.5565186940837,255.93522238001484,-47.68609619140625,272.84010248548054,274.53477898402264,-68.57716369628906,266.36566249242867,282.9378062212712,-90.01950073242188,286.4922069108974,207.95543710609584,-71.56948852539062,275.3184347529544,246.34771583604265,-102.80397033691406,260.5625475981558,267.90993495302376,-106.17445373535156,253.91522026624338,276.4470542751815,-102.79635620117188,257.7620980313564,188.77435097197824,-71.6300048828125,238.12233108495653,245.11466205615366,-103.27831268310547,227.82121831104175,267.52314591991626,-100.20327758789062,227.66893540337196,271.0425658836825,-99.91280364990234,226.3213153625493,180.83315669796326,-72.84687805175781,204.3935057939261,240.47865284450134,-98.16253662109375,200.86281588216343,257.70172581916773,-87.92975616455078,205.19900924342437,257.44487670441094,-83.62385559082031,196.62060620236903,180.86540177669815,-75.28607177734375,177.34896349361975,232.28223646009766,-90.68919372558594,177.36852294172496,247.29770471157968,-85.37068176269531,183.3697828580001,248.5176929445858,-85.22820281982422,FIST
114.717760067827,337.84751864466256,0.0000681951642036438,172.57326868860886,335.0473922366339,-1.9626410007476807,213.54021151222318,321.69005523362915,-17.686016082763672,241.88162265044835,306.0470983861372,-33.60725021362305,261.0081875208319,285.97315223799365,-45.35546112060547,199.42609137241985,257.19861896180595,-42.0588493347168,227.09104036716096,287.61359417414326,-50.640560150146484,221.01914284597643,313.9782816327553,-37.08845520019531,213.85437026607173,320.57167730847755,-30.993589401245117,170.01161467004192,260.008219935832,-50.52492141723633,203.56706391645784,311.9997627107314,-63.316524505615234,190.48306798007167,332.0550802512832,-42.93019485473633,180.89916601849762,325.2698227583124,-31.93098258972168,145.10754499055656,276.37926212200216,-59.58889389038086,176.6716060304445,332.39173577618044,-67.19342803955078,166.2087203686604,345.48305334693964,-42.58270263671875,157.40584845274446,334.6710794068208,-29.513790130615234,122.01340241604649,301.03923728762044,-69.62791442871094,151.02656389042713,343.9598804559755,-76.58365631103516,150.770630973528,355.80832420826675,-65.70978546142578,145.35005320217036,350.71932455225897,-60.803504943847656,FIST
116.28709246946197,302.3503592306633,0.00035625696182250977,149.72863559485586,317.12376700485584,-28.734161376953125,185.84587040946212,310.6124162379688,-46.19973373413086,197.60156828742083,276.8577178711014,-60.86952209472656,190.03101137255243,233.33631833975537,-74.80255126953125,219.00918826868917,254.09793878170643,-18.33470344543457,228.7814694095191,243.34168139172232,-47.58803176879883,221.60462808410375,240.51536188163865,-65.96393585205078,208.25965922213726,239.1884353531479,-74.46492767333984,198.6802743463054,227.3718455823978,-13.470645904541016,194.52103915326583,233.64089994453917,-48.37779998779297,175.7394876566644,262.50888349498405,-48.732540130615234,166.99678549392354,274.5389497004447,-38.791019439697266,173.88456914930583,212.7334552998239,-14.735907554626465,159.65931766275136,232.64314690593062,-50.285396575927734,147.64066353427566,261.95141792833573,-43.136375427246094,150.34687871535144,263.19228577695804,-30.744396209716797,147.0560801723525,206.43532342966165,-17.750886917114258,137.6456113307844,221.5730517280129,-44.65797424316406,130.36547231774637,247.89865428234188,-38.2255973815918,132.61307681394624,250.64676123120984,-27.55661964416504,FIST
130.49069231193724,316.530789472211,0.00006998330354690552,141.33982679065085,263.3826854678506,21.347103118896484,165.35962429720524,229.11560908602476,14.9834623336792,184.92673313099783,205.39654255243187,5.811682224273682,192.11148554580367,189.59987307629237,-2.2360103130340576,180.27254111797018,201.56361684148467,-15.092021942138672,250.1400124063975,227.15060681243477,1.0441542863845825,248.74055588768852,245.88337224682846,17.644372940063477,234.7909170468235,244.74458083885372,19.833215713500977,185.80383781541062,226.53209808144254,-29.207782745361328,254.09435175144267,255.40471967080666,-12.803864479064941,244.5930602312825,269.27336695559313,3.7518038749694824,229.87269833800275,262.9884661972918,1.6026766300201416,190.74635089502993,257.4655233181882,-39.30208969116211,248.4186783351193,279.24623264872326,-21.18505859375,239.2091367446124,290.71693064669523,-8.931747436523438,224.4272486972518,283.54193655482874,-13.619793891906738,198.6861486224586,291.7121678472827,-47.461673736572266,245.02101240688415,300.38227699581915,-30.402894973754883,232.6605585708972,310.00942692003315,-19.84457778930664,217.73808952049583,305.99180035785986,-22.238515853881836,FIST
152.93496653279595,384.35780968265607,0.0005145668983459473,181.8827950121262,327.4889374547808,7.3490309715271,210.78535165110964,283.6354059971666,-4.496159076690674,236.88005351474092,262.787256816066,-14.834280014038086,252.2608036266646,260.7511505979368,-23.464824676513672,221.72328730823443,274.4556386363003,-41.7631721496582,307.7541745003057,284.5885111665578,-32.056148529052734,288.2770443892379,304.2656638109702,-15.114474296569824,260.606505741054,305.7161292144653,-11.145912170410156,222.76746968676701,310.059082282284,-47.7750129699707,310.38223235550936,322.2833475230462,-38.14573287963867,290.14992250424234,336.30593354667866,-16.932266235351562,265.8218010508819,333.6140548015298,-16.973270416259766,222.82327519129512,348.72661628080226,-50.55198669433594,303.6830372872437,357.4946395347364,-37.30974578857422,287.60104902869244,367.77551543348005,-15.832657814025879,267.03004078313313,365.947528257766,-13.589043617248535,223.2676704143858,387.6785789730512,-53.120418548583984,289.5709725715311,386.75502911009767,-36.422508239746094,276.8445754971675,392.16149376143585,-18.768882751464844,258.9035243030272,390.8351914543042,-15.809399604797363,FIST
148.5206093848446,357.2196699012666,-0.00032970309257507324,169.47602499349347,312.45536259761735,33.65753173828125,190.09087493567137,284.04497145503893,40.21028518676758,212.84633928053185,267.07730535563684,40.357513427734375,232.55385976679398,256.24080042918416,41.37044906616211,189.1223791064345,224.59855105858628,12.440610885620117,238.3024130335268,214.74498172722605,22.136268615722656,254.18089550738955,225.60735662680258,32.49235153198242,254.58251671382195,233.70557117906236,36.840423583984375,194.42544196744967,229.71187538662798,-6.206392288208008,264.6566952706829,250.2922895609789,6.935079574584961,262.774686789027,279.74002814900695,19.780086517333984,245.0426187948942,289.63527935071187,21.79616355895996,204.35707371401017,248.78738075394023,-21.63069725036621,266.3597200645367,276.53870265277214,-6.95125675201416,256.9076559827413,301.96058533490947,3.8414552211761475,238.8892317971024,307.2170094791393,3.3599371910095215,214.2263695992886,275.8243074349395,-35.36873245239258,261.6724556769922,298.29450114723073,-19.89435577392578,252.53826042432726,318.53202542405745,-10.817230224609375,235.98328053668212,323.0372802303042,-10.796174049377441,FIST
130.28281669880633,358.6746043978923,-0.00014168769121170044,162.3046404883932,302.2768783904178,9.201236724853516,197.89124622449714,249.4400360335358,2.5520191192626953,220.77965465611103,205.75494968037924,-4.89818000793457,227.35261567352558,171.57946942828693,-11.619465827941895,200.75302366081414,247.98096708094226,-30.64869499206543,275.26076113414297,267.76422715646896,-29.421180725097656,266.38409695413196,279.56982425543,-15.124199867248535,254.06250277791497,278.18843571905154,-9.0166597366333,198.27881636937695,280.16127679570866,-38.181793212890625,284.40445055264684,300.7491078726913,-36.761444091796875,267.9898060062055,311.5148576598916,-17.28830337524414,246.32897459956894,308.22870205552806,-11.174418449401855,195.49882123171895,316.5723950996937,-43.746952056884766,276.5032058925283,330.9059184290083,-39.42304611206055,259.4254034543181,340.73828586917574,-19.600366592407227,238.60310516623477,341.1315704803292,-13.208975791931152,197.39777946012123,355.13778146183677,-48.15447235107422,263.7741578780005,362.0964976783374,-40.92443084716797,249.20661133962597,366.4192247288854,-25.184043884277344,230.76235995791592,365.9261796447893,-19.324295043945312,THUMBS_UP
125.49500027629533,357.4302480300477,0.0003565773367881775,160.5680450418498,299.9963238263365,9.781086921691895,199.14392111394554,247.10253304868675,1.0600826740264893,226.2799927368648,207.28476363948167,-7.708902835845947,237.03331089261724,175.62224644800426,-14.948458671569824,201.631805418625,243.1938177595736,-34.217464447021484,276.8080253429722,264.36544033123425,-28.706138610839844,262.1326319988774,275.8961347493827,-12.657060623168945,246.55261646206426,270.67207517712933,-7.651570796966553,200.6985598112135,279.36425120846593,-42.11732482910156,283.40652712069664,302.8715435560514,-35.87560272216797,262.7727088486182,312.82615161484375,-15.101823806762695,241.8556460395909,305.982149148508,-12.393301010131836,198.71984729385144,318.5899560094874,-47.6589241027832,274.80115827050025,335.57510623407086,-38.22442626953125,256.4184213232479,344.0656796396294,-17.591245651245117,237.30188963388346,341.1114809877495,-14.142315864562988,201.2998508389131,358.4910744244355,-52.35150146484375,264.2632222514936,366.57949118407,-39.73328399658203,247.12435233444842,370.9138736157012,-22.823711395263672,229.78036754256902,368.652729088006,-19.278921127319336,THUMBS_UP